setName,headerName,vocabList
Identity and culture,Module Sets,roast+appetite+apple+apricot+banana+bean+beer+bill+biscuit+bread+breakfast+Brussels sprout+cabbage+café+cake+caramel custard+carrot+cash+cauliflower+cheese+cherry+chicken+chips+chocolate+choice+chop+cocoa+coffee+cold sliced meat+complaint+cooked/boiled+cream+credit card+crockery+cucumber+cup+customer+cutlery+dessert+dining room+dish of the day+drink+egg+Enjoy your meal!+euro+evening meal/dinner/supper+fish+fork+fritters+fruit+fruit juice+full+gateau/tart/flan+glass+gravy/sauce+ham+hamburger+hot dog+ice cream+ice cream parlour+inn+jam+juice+kebab+knife+lemon+lemonade+lettuce/salad+lunch+main course+meal+meat+meatball+melon+menu+milk+mineral water+mixed+money+mushroom+mushroom+mustard+napkin+olive+olive oil+omelette+orange+orangeade+pasta+pea+peach+pear+pepper+pineapple+pizzeria/pizza restaurant+plate+plum+pork+portion+pot+potato+raspberry+refreshments+rest day/day off+restaurant+roast+roll+salt+sandwich+sausage+self-service+service+set meal+snack+snack bar+soup+speciality+spoon+starter+sting+strawberry+sugar+table+table cloth+tasty+tea+tea spoon+terrace+tip+vanilla+vegetable+vinegar+waiter/waitress+water+wine+yoghurt+beef+cereals+duck+fried egg+fruit tea+full fat milk/skimmed milk+garlic+champagne+goose+hake+herbal tea+homemade+honey+lamb+lettuce+loin+mug+pasta/noodles+pâté+afternoon tea/picnic+prawns+salmon+saucer+scrambled egg+sea food+smoked+spicey+spinach+squid+tasty+tray+trout+turkey+veal+well-cooked+programme+active+advantage+adventure film+at home+atmosphere+bag+band/group+beginning+book+cable TV+camera+cartoon+cassette+CD+celebrity+chic/smart+classical/classic+clock/watch+clothes+cabbage+comic+computer game+computing/ICT+concert+cycling+disadvantage+documentary+dubbed+entertainment+environment+environmental problem+environmentally friendly+environmentally unfriendly+equipment+exciting+fashion+fashionable/trendy+favourite+flamenco+folk music+free+fruit shop+fun+game+band/group+horror film+informative+interest+knowledge+magazine+melody/tune+mobile phone+modern+money+mp3+murder mystery/detective story+music+news+newspaper+old fashioned+player+pocket money+pop music+quiz show+radio+rap+reading+rock music+romantic+romantic film+satellite TV+series+singer+soap opera+song+stereo system+tattoo+technology+television set+text message+thrifty+tourism+toy+umbrella+viewer+bored+competition/gameshow+creepy+enjoyment/pleasure+exciting+free+horror film+race/racing+remote control+subtitles+surprise+kiosk+cheque+a €10 note+a €2 coin+banana+bank+bank card+bank note+belt+blouse+book shop+shoe+boxers+bread+brochure+brush+Brussels sprout+bureau de change+lost property office+cake shop+camera+cap+carrot+cash+cauliflower+cent+change+changing room+cheap+checked+cheese+chewing gum+chicken+choice+choice/selection+clothes+clothes shop+clothes+coat+coffee+coin+comb+cooked+cotton+cream+credit card+customer+department+department store+deposit+discount/reduction+doll+dress+drink+earring+electric shop+emergency exit+entrance+escalator+euro+exit+expensive+fan+fashion+flower+fragile+fruit+glove+grapes+hairdresser+ham+handbag+hardware shop+hat+hot dog+hypermarket+it fits/suits you+coat+jewellers+jewellery+juice+leather+lemon+lift+list+low priced+market+milk+money+mushroom+mushroom+necklace+nightdress+non-dispensing chemist+onion+opening hours/times+pants/briefs+pea+peach+pear+perfume+perfumery+piano+pills/tablets+plasters+pork+post card+potato+poster+pound/pound [sterling]+present+press+price+purse+quality+quantity+raincoat+raspberry+receipt+reduced+reduction+rest day/day off+rice+roast+roll+sale/sales+sales assistant+sandal+sandwich/toasted sandwich+sausage+scarf+service+shirt+shoe+shoe shop+shop+shop keeper+shop window+shopping bag+shopping basket+shopping centre+shopping list+shopping trolley+shopping+size+size+skirt+slipper+sock+sold out+souvenir+special offer+stamp+striped+suit+supermarket+sweater/jumper+sweets+swimming costume+swimming trunks+tea+tie+tights+T-shirt+tomato+toast+tobacco+towel+tracksuit+trainers+trousers+umbrella+underpants+wallet+water+watermelon+wine+wool+yoghurt+bathrobe/dressing gown+best-before date+cardigan+corner shop+delicatessen+furniture shop+label+packaging+plastic+reduced+silk+slipper+summer sale+tie+winter sale+ambulance+bank account+bank card+boss+breakdown+broken+change+cheque+clock/watch+cough+credit card+customer+customer service+damage+euro+exchange rate+form+hospital+identity card+ill+illness+divorced+mistake+money+noise+police station+policewoman+policeman+problem+purse+receipt+reduction+refund+service+robbery/theft+thief+ticket office+town map+truth+waiter/waitress+insurance+prison+programme+activity+address+age+athletics+atmosphere+bag+birthday+birthplace+board/electronic game+born+CD+celebrity+championship+classical/classic+clothes+computing/ICT+curly+cycling+date of birth+dead+admission/entry fee+dressed+earrings+eyes+family+fanatical about+fashion+father+first name+flute+football+free time+friend+glasses+guitar+hair+hall+hat+hockey+horse riding+husband+coat+job+keyboard+knowledge+leisure+leisure+likeable+married+mobile phone+modern+mother+mp3+music+nightclub+nose+old+older/first born+only+orchestra+piano+play+player+pop+area code+rap+reading+red+ring+rock+rugby+selfish+separated+skating+skiing+song+sport+sports equipment+sports ground+sporty+star/celebrity+straight+swimming+table tennis+talkative+team+temperature+tennis+thin+tourism+tracksuit+trainers+trumpet+umbrella+university+vegetarian+violin+water skiing+wife/woman+year+ticket+activity+athletics+badminton+band/group+basketball+barbecue+bowling alley+bull fight+bull ring+championship+chess+cinema+clarinet+classical/classic+club+computer game+cycling+dancing+disco+drums/percussion+siblings+flute+football+football+fun+goal+goal+guitar+hobby+hockey+horse+horse riding+ice skating+instrument+leisure+member+modern+music+offer+open air swimming pool+orchestra+performance+piano+play+rugby+sailing boat+skiing+sports equipment+sports ground+stage+swimming+table tennis+team+tennis+tracksuit+trainers+trumpet+violin+water skiing+youth club+archery+fishing rod+mountaineering/climbing+parachuting+play+recorder+climbing+sport+address+adult/grown-up+adventurous+age+agreed+alone+angry/cross+argument/quarrel+attractive+aunt+awesome/magnificent+bathroom+beard+beautiful+birth+birthday+birthplace+born+boy+brother+brother-in-law/sister-in-law+changing room+cat+celebration/party+character+character/personality+cheeky+child+chin+christening+clothes+computer+cousin+cousin+curly+dad+date of birth+daughter+dead+detached house+dissatisfied+divorced+dog+dream+ear+ear+earrings+emergency+engaged+engagement ring+eyes+face+family+famous+father+feeling+first name+flat+foolish/silly+foreigner+friend+friendly+friendship+funny+witty+girl+glasses+grandad+grandchild+grandfather+grandma/granny/grandmother+grandparents+guy/dude/bloke+hair+half-+hat+helpful+home+honest+house+household+humorous+ideal+impatient+impolite+in a good/bad mood+in love+intelligent+invitation+coat+job+kiss+life+light+likeable+lively+lonely+man/husband+marriage+married+mean/nasty+member of the family+mood+mother+moustache+mouth+multicultural+mum+neighbour+nice/kind+nice/likeable+nickname+no sense of humour+nonsense+normal+nose+old+old fashioned+older+only child+optimistic+parents+patient+penfriend+people+person+pessimistic+pet+picture+place of residence+pleased/satisfied+polite+poor+post code+present+pretty+quiet+relationship+rich+ring+sad+self+selfish+semi-detached house+separated+serious+shy+single+sister+skin colour+son+son-in-law/daughter-in-law+sour/cross+step+stepfather+stepmother+straight+study+surname+survey+teeth+number+terraced house+thin+tidy+younger+twin+twins+ugly+uncle+unemployed+unfriendly+university+unpleasant/disagreable+untidy+visit+marriage ceremony/wedding+wedding ring+wife/woman+work+year+young+young lady/Miss.+young person+a good deed+acquaintance/friend+address+adopted+apartment building+area code+bald head+bride+bridegroom+career+character trait+conceited+depressed+discrimination+fiancé+gender/sex+generous+granddaughter+grandson+homeless+humour+identical twins+independent+jealous+loyal/faithful+mad/crazy+marriage ceremony/wedding+meeting+nationality+needy/in need+nephew+niece+of age+old people’s home+pensioner/senior citizen+pretentious+racist+relationship+relative/relation+reliable+role model+self-confident+similar+single parent+single person+free+spot/pimple+underage+well-balanced+with one another/together+CD ROM+chatroom+computer+connection+e-mail+forward slash+architect+internet+internet page+key+keyboard+mouse+opinion poll/survey+password+printer+programmer+screen+software+virus+webpage+website+farmer+file+underscore+worldwide+a roast+accident+age+alcohol+alcoholic+appetite+experience of work+apricot+arm+back+bad+banana+bean+beer+biscuit+body+bread+breakfast+broken+cake+calm/peace+school report+cauliflower+cheese+cherry+chicken+chips/crisps+chocolate+chocolate+chop+cigarette+cocoa+coffee+cold+constipation+cream+cucumber+cycling+dead+delicious+diarrhoea+drug+drunk+egg+escalope+evening meal/dinner/supper+fat+fat/grease+fatty/greasy+finger+first aid+fish+flu+food+foot+fruit+fruit juice+full+gateau/tart/flan+grape+gymnastics+habit+ham+hand+happy+hard/harsh+head+health+health/fitness centre+healthy+heart+help+hot+hunger+ice cream+ill+image+indoor swimming pool+injection/syringe+injury+jam+juice+knee+leg+lemon+lemonade+lettuce/salad+lively+liver+low-fat+lunch+lung+margarine+meal+meat+medicine+melon+water melon+milk+mineral water+mushroom+mushroom+neck/throat+nervous+non-alcoholic+non-dispensing chemist+oil+old+older+omelette+onion+orange+orangeade+organic+pain+pasta+pea+peach+pear+pineapple+plum+pork+porridge+potato+raspberry+raw+recipe+remedy/medicine+rice+roll+salt+sandwich+sandwich/toasted sandwich+sausage+should/ought to+shoulder+ill+slim+smoker+snack+soft+soup+sport+sporty+stomach+strawberry+stressful+sugar+sunburn+sweet+sweet+sweets+swimming+tablet+tasty+tea+temperature+therapy+thin+thirst+tired+toast+tobacco+tomato+tooth+tuna+unfit+unhealthy+vegetable+vegetarian+vitamins+water+wine+yoghurt+addicted+addiction+AIDS+alcoholic+alcoholism+ankle+anorexic+aspirins+beef+blood+brain+breathing difficulties+burn+cancer+cold+consciousness+cough+dependent+dietary fibre+dizzy+drug addict+drug advice centre+drug dealer+drugs+duck+flour+food+fried egg+fruit tea+full fat milk+garlic+goose+hake+harmful+hay fever+herbal tea+HIV positive+homemade+honey+indigestion+lamb+lettuce+low fat+movement/exercise+muesli+nut+obesity+organic food+overdose+pasta/noodles+pâté+plasters+rehab+salmon+smell+smoked+sparkling mineral water+spicey+sport+sunburn+swollen+taste+tasty+tired+toothbrush+toothpaste+treatment+trout+turkey+unconscious+veal+well-cooked
Local area/ holiday and travel,Module Sets,door+driver+station+1st floor+abroad+advert+airport+appointment/meeting place+attic+Autonomous Communities+bad+balcony+bank+bar+basement+bath+beach+bed+bicycle+bike+boat+book shop+book+brand/make+breakdown+bridge+brochure+building+bull fight+bull ring+bus+bus stop+business/shop+butcher+café+campsite+car+caravan+car park+carpet+straight on+castle+cathedral+chair+Christmas+Christmas Eve+church+cinema+climate+closing+cloud+coach+coast+cold+competition/gameshow+compartment+concert+connection+corner+country+crash/collision+crossroads+degree+department store+diesel+disco+district+diversion/detour+documentary+doll+driver+driving licence+east+engine+enjoy your stay+entertainment/things to do+Epiphany/January 6th+exhibition+factory+far+farm+holiday+film+fish+flamenco+floor+fog+forbidden+form+fruit shop+grocers+ground floor+have a good journey+heat+hill+historic+Holy Week+hospital+hotel+hotel list+hotel/town hall+hypermarket+ice rink+identity card+in advance+in summer+in winter+included+industry+it is raining+jewellers+key+lake+left luggage+leisure centre+library+lift+line/route+lorry+luggage+magazine+road+map+market+media+metro/underground railway+motorway+mountain+museum+newspaper stall+news+newspaper+north+occupied+office+on foot+on the left+on the right+one way system+outing+outside+outside+overcast+owner+palace+park+passport control+pedestrian+petrol+petrol station+picture+picturesque+place+place+plane+platform+police station+port+postcard+poster/notice+post office+press+price list+priority to the right+problem+province+public holiday+public/municipal+rain+reception+rent/hire+return ticket+road map+road/street+robbery/theft+room+sea+season+service station+shoe shop+shopping centre+single ticket+sky+sleeping car+snack bar/buffet+snow+souvenir+sports ground+square+stadium+staircase+study+suitcase+summer camp+sunny interval+swimming pool+table+terrace+ticket+ticket office+timetable+tourist information office+town+town centre+hotel/town hall+traffic+track/platform+traffic jam+underground station+village+visit+wall+weather report+welcome+west+youth hostel+ticket+abroad+admission/entry fee+air+pollution+appointment+beach+bike hire+brochure+café+capital city+car hire+castle+cathedral+city+closed+coast+concert+country+countryside/scenery+dead+disco+district+draught beer+dustbin+enjoy your stay+entertainment/things to do+entrance+exhibition+exit+festival/celebration+sports field+film+flat+forbidden+free time opportunities+hill+historic+hotel list+identity card+in autumn+in spring+in summer+in the open air+in winter+industrial+industry+information+information office+inhabitant+island+lake+map+map+market+market square/marketplace+motorway+mountain+nature/countryside+nightlife+office+open+opening hours/times+outing+outside+outskirts+part of town+passport control+pavement+pedestrian+pedestrian area+performance+picturesque+place+pollution+postcard+poster/notice+price list+problem+public holiday+quiet+reduction+region/area+river+road map+rubbish+sea+sight/place of interest+sign+suburb+telephone card+robbery/theft+theme park/amusement park+tour+tourist+tourist information+tourist information office+tower+town+town centre+town centre+village+welcome+well worth seeing+wood/forest+zoo+air conditioning+area+bike hire+canal+customs+emergency exit+event+experience+fireworks+flea market+fountain+Geneva+hospitality+memorial/monument+memory+mountains+park/green space+procession+souvenir+stay+surrounding area/vicinity+town centre+zoo+bad+bright+climate+cloud+cloudy+cold+degree+dry+fog+foggy+frosty+heat+highest temperature+hot+in autumn+in spring+in summer+in the east+in the north+in the south+in the west+in winter+it is freezing+it is lightning+it is raining+it is snowing+it is thundering+overcast+rain+rainy+season+sky+snow+storm+sun+sunny+the sun is shining+thunder storm+weather+weather report+wet+wind+windy+average temperature+bright spell+changeable+hail+low+rainfall+stormy+weather report+airport+art gallery+bank+bowling alley+bridge+building+bus station+café+castle+cathedral+church+cinema+closed+disco+factory+farm+hospital+ice rink+indoor swimming pool+industry+launderette+laundry+leisure centre+library+railway station+market+museum+newspaper stall+nightclub+open+palace+park+pedestrian area+petrol station+playground+police station+policewoman+policeman+port+post office+pub+public/municipal+railway station+rubbish bin+savings bank+shop+shop/business+shopping centre+snack bar+sports ground+square+stadium+swimming pool+tennis court+theatre+toilets+tower+tower block+hotel/town hall+WC+zoo+ATM/cashpoint+post office+tourist information office+accommodation+arrival+balcony+basement+bath+bath towel+bath tub+bathroom+bed+bed and breakfast place+bedlinen+bedroom+bunk bed+camp site+caravan+curtain+dining room+door+double room+drinking water+exit+farm+farm house+floor+form+free/available/vacant+full board+furnished+games room+garden+ground floor+guest+half board+heating+hotel+in advance+in the country+key+kitchen+lift+luggage+occupied+on the 1st floor+overnight stay+pillow+reception+receptionist+rent+reservation+room+shared room+sheet+shower+single room+sitting room+sleeping bag+soap+staircase+suitcase+television+tent+toilet+toilet paper+toothbrush+toothpaste+twin room+view+village+wardrobe+wash basin+WC+window+with a view of/overlooking+youth hostel+air conditioning+cheap+emergency exit+guest room/bed-and-breakfast place+hospitality+noise+registration+rented flat+rules of the house+stay+roundabout+airport+arrival+bicycle+boat+breakdown+bus+bus station+bus stop+by bus+car+car park+car/carriage+class+coach+compartment+connection+pedestrian crossing+cycle path+delay+departure+departure+diesel+dining car/restaurant car+direct+diversion/detour+door+driver+driving licence+engine+entrance+exhaust fumes/emissions+exit+fare+ferry+harmful+have a good journey+journey/trip+kilometre+left luggage+left-luggage locker+line/route+lorry+main railway station+moped+motorbike+motorway+occupied+on foot+one way street+passenger+petrol+petrol station+plane+platform+platform/track+pollution+port+priority+public+public transport+railway+reduction+reservation+return+road+seat+second class+boat+sign+single+steamer+bus stop+suburban train+supplement+taxi+taxi driver+ticket+ticket inspector+ticket machine+ticket office+timetable+traffic+traffic accident+traffic jam+traffic lights+train+railway station+tram+underground station+unleaded+waiting room+waiting time+wall+a fast train+air conditioning+central office/control room+helicopter+left-luggage room+level crossing+local stopping train+motorway junction+motorway services+noise+picnic area+return ticket+rush hour+seat belt+speed+speed limit+vehicle+left+right+roundabout+as soon as+bridge+corner+crossroads+direction+east+far+map+metre+north+on foot+on the left/right+one way street+river+south+straight on+traffic lights+west+cooked+pedestrian crossing+cheque+at your service+bank card+bedroom+bill/invoice+biscuits+boss+bread+breakfast+brochure+butter+cake shop+camera+casual jacket+cheese+chicken+chips/crisps+choice+coffee+coin+collection+cotton+credit card+customer+damage/pity/shame+department+department store+dining room+dish+dress+drink+egg+euro+excursion+exchange bureau+exchange rate+flight+form+free+fruit+fruit juice+full+glove+green beans+hairdresser+half+ham+hamburger+ice cream+identity card+ill+keyboard+lemon+liquid medicine/syrup+lost property office+meal+menu+milk+mistake+money+mushroom+mussels+omelette+pancake+peach+pear+peas+police station+pork+postcard+potato+pound sterling+present+price+purse+raspberry+receipt+reduced+reduction+roast+salami type sausage+salami type sausage+salesman/woman+sandal+sandwich+shoe+shopping+size+size+skirt+snack+soap+sock+Spanish stick+stamp+starter+sunburn+sweater/jumper+tea+robbery/theft+thief+till+tip+toasted cheese and ham sandwich+town map+trainers+trousers+vegetable+waiter/waitress+wallet+water+wine+wool+yoghurt
School,Module Sets,very good+good+satisfactory+adequate+poor/unsatisfactory+inadequate+apprentice+achievement/performance+answer+apprenticeship+art+assembly+biology+blouse+board+book+lunch break+calculator+canteen+careers adviser+caretaker+candidate+changing room+chemistry+choir+class test/assessment+classroom+clever+club+comprehensive school+cooking/cookery+corridor+course+desk+dictionary+double lesson+drama+drama group/acting group+drawing+education+examination+exchange+exercise book+exercise/practice+experiment+fair+felt tip pen+foreign languages+fountain pen+French+future plans+GCSE equivalent+geography+German+glue+gym+gymnastics+hard/difficult/heavy+hardworking+headteacher/director+history+holidays+homework+ICT/computer science+Italian+kindergarten/play school/nursery school+kiosk+laboratory+language+language lab+latin+lazy+lesson+hour+library+lunch break+mark/grade+maths+meal+media studies+moped+music+no school+note/slip of paper+oral+orchestra+pad of paper+page+PE+pen/ballpoint pen+pencil+pencil case+physics+plan/project+playground+primary school+private school+progress+projector+pupil+qualification+question+religion/Religious Studies+result+rubber+rule+ruler+school+school book+school bus+school day+school hall+school leaving certificate+school newspaper+school office+school report/certificate+school trip+sciences+scissors+secondary modern school+secondary school+semester+sharpener+shirt+shoe+sixth form college+sock+sports field+sports hall/gym+staff room+state+student+student council+subject+success+summer holidays+sweater/jumper+sweatshirt+task/exercise+teacher+team+term+tie+timetable+training/education+trousers+unfair+uniform+university+vocational school+weak/bad at+written+absent+ballpoint pen+boarding school+business studies/economics+class register+core/compulsory subject+degree+distance+essay+final exam+FLA/foreign language+full-time day school+gifted+headphones+home economics/domestic science+ink cartridge+ink eraser+law+meeting/discussion+necessary+optional subject+parents’ evening+present+pronunciation+result+singer+sociology+strict+studies+tennis court+training pace+translation+university+university/college place+written punishment/lines
Future aspirations/ study and work,Module Sets,employee+mail+actor/actress+adult/grown-up+advert+air steward/air hostess+homepage+reply/answer+answerphone+apprenticeship+architect+badly paid+baker+bank/bank office+biology+builder+business/shop+busy+butcher+canteen+chemistry+civil servant+at+coffee break+colleague+computer+computer scientist+conference+connection/report+cook+cursor+degree+disc+duty office+electrician+email+employer+engineer+examination+exchange+experienced+farmer+fashion+fault+fax+file+file+fireman/firewoman+folder+form+geography+headteacher/director+history+instructor+interview+journalist+key+keyboard+language+letter box+lunch break+manager+marketing+maths+mechanic+meeting+message+mouse+next year+opinion poll/survey+paper+part time+password+PE+per hour+physical and sports education+physics+plan/project+planned+plumber+police officer+post/post office+pound sterling+printer+programmer+progress+qualification+representative+success+salary+school+school report+science+screen+sewing/tailoring+situation wanted+society/company+student+subject+superior/higher+teacher+teacher+technician+telephone call+term+terms of employment+the web+time+timetable+training+travel agency+unemployment+waiter/waitress+webmail+website+well paid+work experience+work+a form+actor/actress+advert+air steward/air hostess+application+apple+baker+builder+bullfighter+butcher+civil servant+company+computer scientist+cook+dentist+design+designer+doctor+electrician+engineer+carrot+fashion+fax+fireman/firewoman+footballer+hours of work+interview+job+job advert+journalist+letter+mechanic+media+model+nurse+per hour+plumber+police officer+programmer+reply/answer+situations vacant+taxi driver+technician+training+work+work experience+promotion prospects+advert+application+appointment+apprenticeship+curriculum vitae+enclosed+equivalent of GCE A levels+experienced+form+impression+interview+job+job advert+leaving certificate+letter+next year+profession/job/occupation+qualification+qualified+school education+school leaving certificate+cassette recorder+signature+success+training/education+university+work+work experience+interview+job interview+letter of application+call+actor/actress+adult/grown-up+aim+air steward/air hostess+answerphone+apprenticeship+architect+artist+badly paid+baker+boss+builder+building worker+business/company/firm+business/shop+businessman+businesswoman+busy+butcher+canteen+career+cashier+chemist+civil servant+colleague+communication/message+company+computer programmer+computer scientist+condition/stipulation+conference+contact+cook+dentist+doctor+driver+electrician+employee+employer+engineer+enthusiasm+envelope+experience+experience of work+factory+farmer+file+fireman/firewoman+florist+full-time+full-time job+gardener+goodbye+hairdresser+holiday job+hours of work+househusband+housewife+impression+in the open air+in work/working+independent+interview+job/post/position+joiner/carpenter+journalist+leaving certificate+letter+letter box+lorry driver+lunch break+manager+marketing+meal+mechanic+message+mistake+mobile phone+nurse+office+opportunity+owner+painter+paper+part time+part time job+part time work+pay+per hour+planned+plumber+police+police officer+post/post office+postman+profession/job/occupation+programmer+representative+salary+sales assistant+secretary+shift work+soldier+strike+stamp+success+occupied+technician+telephone+telephone call+telephone directory/telephone book+terms of employment+town/city guide+trade fair+training/education+travel agency+unemployed+unemployment+vet+pay+waiter/waitress+well paid+work+work experience+worker/employee+workshop+worry+accountant+applicant+author/writer+careers adviser+casual work+company holidays+conveyer belt+documents in support of an application+worker/employee+equality+farmer+business/company/firm+flexitime+interpreter+interview+job centre+law+lawyer+meeting/discussion+notice of termination of work contract+professional training+promotion prospects+retailer+task+trainee+voluntary/voluntarily+volunteer
International and global dimension,Module Sets,unjust/unfair+worrying/disturbing+just/fair+environmental+global/world-wide+dangerous+poor+worried/anxious+worrying+own+chemical+rechargeable+noisy+dirty+poll/survey+foreigner+fire+thief+law+liberty/freedom+needy people+poverty+theft/burglary+violence+rubbish/garbage+beauty+climate change+campaign+cardboard+fuel+container+thing+fault/blame/guilt+crop+harm/damage+rights+development+scarce/meagre+Space+lack+government+inhabitant+environment+world+nature+bird+danger+oil+battery+population+worry/anxiety+chemicals+recycling+resource+renewable+noise+Earth+advantage+pedestrian zone/area
Common adverbs,Extra Sets,almost+already+always+badly+below (down)+especially+especially+fortunately+here+however+immediately+more+nevertheless+often+over there+perhaps+quickly+rather/ quite+really+recently+sometimes+still (yet)+straight away+there+too+unfortunately+up there+very+well
Common adjectives,Extra Sets,active+all+alone/ lonely+angry+awful+beautiful+big/tall+boring+brave+brief+brilliant+broken+chestnut brown+clean+close+closed+comfortable+cool+difficult+dirty+disgusting+dynamic+easy+excited+exciting+FALSE+fast/quick+fat+favourite+flexible+former/antique/old+free+free+full+funny/entertaining/ amusing+good+grateful+great+great+great+great/marvellous+handsome/pretty/charming+happy/cheerful+hard+hardworking+healthy+heavy+high/ tall+hot+in a good mood+kind+last/ latest+lazy+light+lively+local+locked+long+lost+magnificent+marvellous+mature+naughty+necessary+new+next+noisy+numerous+old+open+other+own+perfect+ready+real/ royal+responsible+rich/ delicious+rotten+same+same+satisfied+sensational+serious+short+shy+silent+silly+small+sought after+standing+strict+strong+stupid+thin+tired+tiring/ tired+together+traditional+TRUE+ugly+unbelievable+unpleasant+useful+valid+valuable+variable+weak+wise+young
Prepositions,Fundamentals,about+above+according to+after+against+among+about+at (someone’s house)+at the end of+at/to+because of+before+behind+between+during+everywhere+except+far (from)+for/in order to+from+in+in front of+in/by+inside+near+next to+on+on the corner of+opposite+outside/ out of+through+towards+under+until+with+without
Colours,Fundamentals,black+blue+brown+chestnut brown+colour+dark+dark (hair/skin)+fair (hair/skin)+green+grey+light+orange+pink+red+violet+white+yellow
Question words,Fundamentals,How much?/How many?+How?+What for?+What?+When?+Where?+Where to?+Which?+Who?+Why?
Connectives,Fundamentals,also+and+before+but+first of all+nevertheless/ however+or+so+then/ afterwards+then+though
Common expressions,Conversation,all the better+good luck+here you are+How do you spell that?+I don’t mind+I’m fine+I’ve had enough+in my opinion+it depends+it doesn’t matter+mine+of course+OK+once again+there you are+to be about to+to be in the process of+too bad+usually+what a shame+with pleasure+as/like+because+end+everybody+figure+for example+if+middle/ half+Miss+Mr+Mrs+no+number+shape+someone+something+thing+this/that+time+type+way+yes+best wishes+good evening+goodbye+goodnight+hello/good day+help+hi+please (request)/please (polite)+see you later+see you soon+see you tomorrow+thank you+thank you very much
Social conventions,Conversation,area code+at the moment+call me (informal/formal)+dial the number+for the attention of+further to/following+I will put you through+I’ll be right back+I’m listening+in communication with+in fact+moment+on the line+on the line/speaking+paging+receiver (telephone)+see you later+see you soon+sent by+stay on the line+telephone+telephone book+text+text message+tone+voice mail+wait+wrong number
Numbers,Number,1+2+3+4+5+6+7+8+9+10+11+12+13+14+15+16+17+18+19+20+21+22+23+24+25+26+27+28+29+30+31+32+33+34+35+36+37+38+39+40+41+42+43+44+45+46+47+48+49+50+51+52+53+54+55+56+57+58+59+60+61+62+63+64+65+66+67+68+69+70+71+72+73+74+75+76+77+78+79+80+81+82+83+84+85+86+87+88+89+90+91+92+93+94+95+96+97+98+99+100
Quantities,Number,a bottle of+a box of+a dozen+a jar of+a little of+a packet of+a part of+a piece of+a quarter of+a slice of+a third of+a tin+double/twice+each+enough+enough+exactly+half of+kilogram+litre+maximum+minimum+much/many+nothing+only+several
Time Expressions,Calendar,a fortnight+a fortnight+afternoon/in the afternoon+ago+always+at the start+day+day after tomorrow+day before yesterday+early+evening+every day+from+from time to time+just now/straight away+last+last night+last year+later+midnight+minute+morning /in the morning+next+night /at night+now+on time+on time+party+since / from+soon+the day after tomorrow+the day before yesterday+the next day+today+tomorrow+week+weekend+year+yesterday
Times of the day,Calendar,at midnight+at night+at noon+at one o’clock+at two o’clock/etc+five past/etc+half past+hour+in the evening+in the morning+it’s one o’clock+it’s two o’clock/etc+minute+quarter past+quarter to
Days of the week,Calendar,Monday+Tuesday+Wednesday+Thursday+Friday+Saturday+Sunday
Months and seasons of the year,Calendar,January+February+March+April+May+June+July+August+September+October+November+December+Spring+Summer+Autumn+Winter
Countries and Continents,Location,Austria+Belgium+Denmark+England+France+Germany+Great Britain+Greece+Holland+Ireland+Italy+Netherlands+Russia+Scotland+Spain+Sweden+Switzerland+United Kingdom+United States+Wales+Africa+Asia+Australia+Europe+North America+South America+American+Austrian+Belgian+British+Danish+Dutch+English+European+French+German+Greek+Irish+Italian+Russian+Scottish+Spanish+Swedish+Swiss+Welsh