english,spanish
ticket,entrada
programme,programa de ordenador
syrup,jarabe
file,archivo de datos
mail,correo/mensaje
long time,mucho tiempo
door,puerta
kiosk,quiosco
left,izquierda
right,derecha
climbing,escalada en rocas
driver,conductor
call,llamada telefónica
channel/station,cadena de television
a form,una ficha
class register,lista
tobacconist/stamp seller,estanco
roundabout,glorieta/rotonda
station,estación de trenes
cheque,cheque
very good,muy bueno/muy buena
1st floor,1o piso
good,bueno/buena
satisfactory,adecuado/adecuada
poor/unsatisfactory,débil/poco/poca/satisfactorio/satisfactoria
inadequate,inadecuado/inadecuada
a €10 note,billete de diez libras esterlinas
a €2 coin,moneda de dos libras esterlinas
a bottle of,una botella de
a box of,una caja de
a dozen,una docena de
a fast train,rápido/expreso
a fortnight,quince días
a good deed,edic acción
a jar of,un tarro de
a little of,un poco de
a packet of,un paquete de
a part of,una parte de
a piece of,un pedazo de
a quarter of,un cuarto de
a roast,asado
a slice of,una rebanada de
a stroll in the town,paseo/vueltapor el pueblo
a third of,un tercio de
a tin,una lata de
about,alrededor
above,encima de
abroad,en el extranjero
absent,ausente
accident,accidente
accommodation,alojamiento
according to,según
accountant,contable
achievement/performance,nivel de rendimiento escolar/rendimiento
acquaintance/friend,relación/relacióamigo/amiga
active,activo/activa
activity,actividad
actor/actress,actor/actriz
addicted,adicto/adicta
addiction,adicción/dependencia
address,dirección
admission/entry fee,precio de entrada
adopted,adoptivo/adoptiva
adult/grown-up,adulto/adulta
advantage,ventaja
adventure film,película de aventuras
adventurous,aventurero/aventurera
advert,anuncio
Africa,África
after,después
afternoon/in the afternoon,tarde/por la tarde
again,otra vez
against,contra
age,edad
ago,hace
agreed,de acuerdo
AIDS,SIDA
aim,objetivo/propósito
air,aire
air conditioning,aire acondicionado
air steward/air hostess,auxiliar de vuelo/azafata
airport,aeropuerto
alcohol,alcohol
alcoholic,alcohólico/alcohólica
alcoholism,alcoholismo
all,todo/toda
all the better,todo lo mejor
allergic to,ser alérgico/ser alérgica
almost,casi
alone,solo/sola
already,ya
also,también
always,siempre
ambulance,ambulancia
American,americano/americana
among,entre
and,y/e
Andalusia,Andalucía
angry/cross,enfadado/enfadada/en cólera
ankle,tobilla
anorexic,anoréxico/anoréxica
answer,respuesta
answerphone,contestador
apartment building,bloque de pisos
appearance,aparición
appetite,apetito
apple,manzana
applicant,aspirante/candidato
application,solicitud
appointment,cita
appointment/meeting place,entrevista/lugar de encuentro
apprentice,aprendiz/aprendiaprendiza
apprenticeship,aprendizaje
apricot,albaricoque
April,abril
Aragon,Aragón
archery,tiro con arco
architect,arquitectoarquitecta
area,área
area code,prefijo local
argument/quarrel,discusión/pelea
arm,brazo
arrival,llegada
art,arte/dibujo
art gallery,museo de arte
artist,artista
as soon as,en cuanto
as/like,como
Asia,Asia
aspirins,aspirinas
assembly,reunión
at,a
at home,en casa
at midnight,a media noche
at night,de la noche
at noon,a mediodía
at one o’clock,a la una
at the end of,al final de
at the moment,de momento
at the start,principio/comienzo/principio/comienzal
at two o’clock/etc,a las dos/etc
at your service,a vuestro servicio
athletics,atletismo
Atlantic Ocean,Oceáno Atlántico
ATM/cashpoint,cajero automático
atmosphere,ambiente
attic,atico
attractive,atractivo/atractiva
August,agosto
aunt,tía
Australia,Australia
Austria,Austria
Austrian,austriáco/austriáca
author/writer,autor/autora
Autonomous Communities,Comunidades Autónomas/CCAA
Autumn,otoño
average temperature,temperatura media
awesome/magnificent,impresionante/magnífico/impresionante/magnífica
awful,horrible
back,espalda
backpack,mochila
bad,malo/mala
badly,mal
badly paid,mal pagado
badminton,badminton
bag,bolsa
baker,panadero/panadera
baker’s,panadería
balcony,balcón
bald head,calvo/calva
ball,balón
ballpoint pen,bolígrafo/boli
banana,plátano
band/group,grupo
bank,banco
bank account,cuenta bancaria
bank card,tarjeta de banco
bank note,billete de banco
bank/bank office,banco/oficina de
bar,bar
barbecue,barbacoa
based on/on account of,basarse en/fundarse en
basement,bajos
basketball,baloncesto
Basque Country,País Vasco
bath,baño
bath towel,toalla de baño
bath tub,bañera
bathrobe/dressing gown,albornoz/bata
bathroom,cuarto de baño
beach,playa
bean,habaalubiajudía
beard,barba
beautiful,bello/bella
because,porque
because of,a causa de
bed,cama
bed and breakfast place,pensión
bedlinen,ropa de cama
bedroom,dormitorio/habitación
beef,carne de vaca
beer,cerveza
before,antes
beginning,principio/comienzo
behind,detrás
Belgian,belga
Belgium,Bélgica
below,abajo
belt,cinturón
best wishes,saludos
best-before date,fecha de consumo preferente
bicycle,bicicleta
big/tall,grande
bike,moto
bike hire,alquiler de bicicletas
bill,cuenta
biology,biología
birth,nacimiento
birthday,cumpleaños
birthplace,lugar de nacimiento
biscuit,galleta
black,negro/negra
blog,blog
blood,sangre
blouse,blusa
blue,azul
board,pizarra/pizarra blanca
board/electronic game,juego de ordenador
boarding school,internado
boat,barco
body,cuerpo
book,libro
book shop,librería
book token,vale para libros
book worm,ratón de biblioteca
boot,bota
border,frontera
bored,aburrido/aburrida
born,nacido/nacida
boss,jefe
bowling alley,bolera
boxers,calzones
boy,niño/chico/muchacho
bra,sostén/sujetador
bracelet,pulsera
brain,cerebro
brand/make,marca
brave,valiente
bread,pan
breakdown,avería
breakfast,desayuno
breathing difficulties,dificultades de respiración
bride,novia
bridegroom,novio
bridge,puente
brief,breve
bright,brillante
bright spell,período soleado
British,británico/británica
brochure,folleto
brochure/prospectus,prospecto
broken,roto/rota
brother,hermano
brother-in-law/sister-in-law,cuñado/cuñada
brown,marrón
brush,cepillo
Brussels sprout,col de Bruselas
builder,constructor
building,edificio
building worker,obrero/obrera
bull fight,corrida
bull ring,plaza de toros
bullfighter,matador
bunk bed,litera
bureau de change,caja de cambio
burn,quemadura
bus,autobús
bus station,estación de autobuses
bus stop,parada de autobús
business studies/economics,ciencias empresariales
business/company/firm,empresa/compañía
business/shop,comercio
businesswoman,mujer de negocios
businessman,hombre de negocios
busy,ocupado/ocupada
but,pero
butcher,carnicería
butter,mantequilla
by bus,en autobús
cabbage,col
cable car,teleférico
cable TV,televisión por cable
café,cafetería
cake,pastel
cake shop,pastelería
calculator,calculadora
call me,llámame/llámeme
calm/peace,tranquilidad
camera,cámara de fotos
camp site,camping
campsite,camping/área de acampada
canal,canal
cancer,cáncer
candidate,elgado
Cantabrian Sea,Mar Cantábrico
canteen,comedor
cap,gorra
capital city,capital
car,coche
car hire,alquiler de coches
car park,aparcamiento
car/carriage,vagón
caramel custard,flan
caravan,caravana
cardigan,chaqueta de punto/rebeca
career,profesión/carrera
careers adviser,consejero de orientación profesional/consejera de orientación profesional
caretaker,portero/portera
carnival,carnaval
carpet,alfombra
carrot,zanahoria
cartoon,dibujos animados
cash,Dinero/efectivo/metálico
cashier,cajero/cajera
cassette,casete/cassette
cassette recorder,elgado/cassette
Castile,Castilla
castle,castillo
casual jacket,chaqueta
casual work,trabajo eventual
cat,gato
Catalonia,Cataluña
cathedral,catedral
cauliflower,coliflor
CD,disco compacto/CD
CD ROM,CD-ROM
celebration,celebración/festejo
celebration/party,fiesta
celebrity,famoso/famosa
cent,céntimo
central office/control room,oficina central/sala de control
cereals,cereales
chair,silla
chair lift,telesilla
champagne,champán
championship,campeonato
change,cambio
changeable,variable
changing room,vestuario
chapel,capilla
character,carácter/personaje
character trait,rasgo característico
character/personality,personalidad
chatroom,canal de charla
cheap,barato/barata
checked,de cuadros
cheeky,descarado/descarada
cheese,queso
chemist,farmacéutico/farmacéutica
chemist’s,farmacia
chemistry,química
cherry,cereza
chess,ajedrez
chestnut brown,castaño
chewing gum,chicle
chic/smart,elegante/chic
chicken,pollo
child,niño/niña
chin,barbilla
chips,patatas fritas
chocolate,chocolate
single chocolate,bombón
choice,opción
choice/selection,surtido
choir,coro
chop,chuleta
christening,bautizo
Christmas,Navidad
Christmas Day,día de Navidad
Christmas Eve,Nochebuena
Christmas Market,apour de Navidad
church,iglesia
cigarette,edico
cinema,cine
city,ciudad
civil servant,funcionario
clarinet,clarinete
class,de segunda clase
class test/assessment,examen/prueba
classical/classic,clásico/clásica
classroom,aula
clean,limpio/limpia
clever,inteligente/listo/inteligente/lista
climate,clima
clock/watch,reloj
close,cercano/cercana
closed,cerrado/cerrada
closing,clausura
clothes,ropa
clothes shop,tienda de ropa
cloud,nube
cloudy,nublado
club,club
coach,autocar
coast,costa
coat,abrigo/chaqueta
cocoa,cacao
cod,bacalao
coffeebreak,café/parar a desayunar
coin,moneda
cold,frío
cold sliced meat,fiambres/embutidos
colleague,colega
collection,colección
colour,color
comb,peine
comfortable,cómodo/cómoda
comic,tebeo
communication/message,comunicación/mensaje/recado
company,compañia/empresa
company holidays,vacaciones de la compañía/la empresa
compartment,compartimiento
competition/gameshow,concurso
complaint,queja/denuncia
composer,compositor/compositora
comprehensive school,instituto de segunda enseñanza
computer,ordenador
computer game,videojuego
computer programmer,programador de ordenadores
computer scientist,informático/informática
computing/ICT,informática
conceited,vanidoso/vanidosa
concert,concierto
condition/stipulation,condición/estipulación
conference,conferencia
connection,conexión
connection/report,informe
consciousness,conocimiento
constipation,estreñimiento
construction worker/building labourer,albañil
contact,contacto
conveyer belt,cinta transportadora
cook,cocinero/cocinera
cooked,cocinado/cocinada
cooked/boiled,cocido/cocida/hervido/hervida
cooking/cookery,cocina
cool,guay
core/compulsory subject,asignatura obligatoria
corner,esquina
corner shop,tienda de la esquina
corridor,pasillo
cotton,algodón
cough,tos
country,país
countryside/scenery,paisaje
course,curso
cousin,prima
crash/collision,choque
cream,nata/crema
credit card,tarjeta de crédito
creepy,horripilante/escalofriante
crockery,loza/vajilla
crossing,cruce
crossroads,druce
cucumber,pepino
cup,taza
curly,rizado/rizada
curriculum vitae,CV
cursor,cursor
curtain,cortina
customer,cliente
customer service,servicio de atención al cliente
customs,aduana
cutlery,cubiertos
cycle path,carril de bicicleta
cycling,ciclismo
dad,papá
daily newspaper,diario/periódico
damage,daño
damage/pity/shame,pena
dancing,baile
Danish,danés/danéa
dark,oscuro/oscura
dark,moreno/morena
date of birth,fecha de nacimiento
daughter,hija
day,día
day after tomorrow,pasado mañana
day before yesterday,anteayer
day off,día de descanso
dead,muerto/muerta
December,diciembre
degree,grado
degree,grado
delay,retraso
delicatessen,charcutería
delicious,delicioso/deliciosa/riquísimo/riquísima
delivery,entrega/reparto
Denmark,Dinamarca
dentist,dentista
department,departamento
department store,tienda/grandes almacenes
departure,salida
dependent,depender de
deposit,depósito
depressed,deprimido/deprimida
design,diseño
designer fashion,ropa de diseño
desk,mesa de trabajo/escritorio
dessert,postre
destination,destino
detached house,casa independiente/chalet individual
development,desarrollo
dial the number,marcar el número
diarrhoea,diarrea
dictionary,diccionario
diesel,gasoil
diet,dieta
dietary fibre,fibra dietética
difficult,difícil
dining car/restaurant car,vagón restaurante
direct,directo
direction,dirección/sentido
dirty,sucio/sucia
disadvantage,desventaja
disc,disco
disco,discoteca/disco
discount/reduction,descuento/rebaja
discrimination,discriminación
disgusting,asqueroso/asquerosa
dish,plato
dish of the day,plato del día
dissatisfied,descontento/descontenta/insatisfecho/insatisfecha
distance,distancia
district,barrio
diversion/detour,desvío
divorced,divorciado/divorciada
dizzy,mareado/mareada
doctor,médico/médica
documentary,documental
documents in support of an application,documentos en apoyo de la solicitud
dog,perro
doll,muñeca
door,puerta
double lesson,clase doble
double room,habitación doble
double/twice,doble
drama,teatro
drama group/acting group,grupo de teatro
draught beer,cerveza de barril
drawing,dibujo
dream,sueño
dress,vestido
dressed,vestido/vestidade
drink,bebida
drinking water,agua potable
driver,conductor/conductora
driving licence,carné de conducir
drug,droga
drug addict,drogadicto/drogadicta/toxicómano/toxicómana
drug advice centre,centro de asesoramiento para drogadictos
drug dealer,traficante de drogas
drugs,drogas
drums/percussion,batería/edico
drunk,borracho/borracha
dubbed,doblada
duck,pato
during,durante
dustbin,cubo de la basura
Dutch,holandés/holandéa
duty office,presencia en oficina
dyed,teñido/teñida
dynamic,dinámico/dinámica
e-mail,correo electrónico
each,cada
ear,oído
early,temprano
earring,pendiente
earrings,pendientes
east,este
Easter,Pascua/Semana Santa
easy,fácil
education,educación
egg,huevo
electric shop,tienda eléctrica
electrician,electricista
email,email
emergency,emergencia
emergency exit,salida de emergencia
employee,empleado/empleada
employer,empresario/empresaria
en route,camino de
enclosed,adjunto/adjunta
end,fin
end of work day,fin del día laboral
engaged,estar prometido/estar prometida
engagement ring,anillo de compromise
engine,motor
engineer,ingeniero/ingeniera
England,Inglaterra
Enjoy your meal!,¡que aproveche!
enjoy your stay,disfrute la estancia
enjoyment/pleasure,placer
enough,bastante
entertainment,entretenimiento/diversion
entertainment/things to do,distracción/entretenimiento
enthusiasm,entusiasmo
envelope,sobre
environment,medio ambiente
environmental problem,problema del medio ambiente
environmentally friendly,ecológico/ecológica
environmentally unfriendly,que daña el medio ambiente
Epiphany,día de reyes
Epiphany/January 6th,Dia de Reyes
equality,igualdad
equipment,equipo
equivalent of GCE A levels,bachillerato
escalator,escalera mecánica
escalope,escalope/filete
especially,especialmente
essay,ensayo
euro,euro
Europe,Europa
European,europeo/europea
European Union,UE
evening,tarde
evening meal/dinner/supper,cena
event,acontecimientosuceso
every day,todos los días/cada día
everybody,todo el mundo/todos/todas
everywhere,por to das partes
exactly,exactamente
examination,examen
except,salvo/excepto
exchange,intercambio
exchange rate,tipo de cambio
excited,ilusionado/ilusionada
exciting,emocionante
excursion,excursión
exercise book,cuaderno
exercise/practice,ejercicio/práctica
exhaust fumes/emissions,gases de escape
exhibition,exposición
expensive,caro/cara
experience,experiencia
experience of work,experiencia laboral/experiencia de trabajo
experienced,con experiencia
experiment,experimento
eyes,ojos
face,cara
factory,fábrica
fair,justo/justa
fair,rubio/rubia
family,familia
famous,famoso/famosa
fan,abanico
fanatical about,fanático de
far,lejos
fare,tarifa
farm,granja
farm house,alquería/caserío/casa de labranza
farmer,granjero/granjera
fashion,moda
fashionable/trendy,de moda/de moda la moda
fast food,comida rápida
fast train service,TALGO
fast/quick,rápido/rápida
fat,gordo/gorda
fat/grease,grasa
father,padre
fatty/greasy,graso/grasa/grasiento
fault,falta
favourite,favorito/favorita/preferido/preferida
fax,fax
feature film,película de largometraje
February,febrero
feeling,sentimiento
felt tip pen,rotulador
ferry,ferry
festival/celebration,fiesta/celebración/festejo
fiancé,novio/novia
figure,cifra
file,archivador
film,película
final,final
final exam,examen de fin de curso
finger,dedo
fireman/firewoman,bombero/bombera
fireworks,fuegos artificiales
first aid,primeros auxilios
first name,nombre
first of all,lo primero
fish,pescado
fishing rod,caña de pesca
fishmonger’s,pescadería
fit,sano/sana/en forma
five past (time),y cinco
FLA/foreign language I,lector/lectora
flamenco,flamenco
flat,apartamentopiso
flea market,rastro
flexible,flexible
flexitime,horario flexible
flight,vuelo
floor,piso/suelo
florist,florista
florist’s,floristería
flour,harina
flower,flor
flu,gripe
flute,flauta
fog,niebla
foggy,brumoso
folder,dossier/edico/carpeta
folk music,música tradicionalmúsica folklórica
food,comida/comidalimentos
foolish/silly,tonto/tonta
foot,pie
football,fútbol
footballer,futbolista
for example,por ejemplo
for the attention of,a la atención de
for/in order to,para
forbidden,prohibido/prohibida
foreign languages,lenguas extranjeras
foreigner,extranjero/extranjera
fork,tenedor
form,ficha
former/antique/old,antiguo/antigua
fortunately,afortunadamente
forward slash,barra oblicua
fountain,fuente
fountain pen,estilográfica/pluma
fragile,frágil
France,Francia
free,gratis/gratuito/gratuita
free time,tiempo libre
free time opportunities,oportunidades de ocio
French,francés/francéa
Friday,viernes
fried egg,huevo frito
friend,amigo/amiga
friendly,simpático/simpática/amistoso/amistosa
friendship,amistad
fritters,churros
from,a partir de
from time to time,de vez en cuando
frosty,de helada
fruit,fruta
fruit juice,zumo de fruta
fruit shop,frutería
fruit tea,té de fruta
full,lleno/llena
full board,pensión completa
full fat milk,leche con toda la nata
full fat milk/skimmed milk,leche/leche desnatada
full-time,a tiempo completo
full-time day school,colegio/institutoa tiempo
full-time job,empleo/trabajo a tiempo completo
fun,divertido/divertida
funny,gracioso/graciosa
furnished,amueblado/amueblada
furniture shop,tienda de muebles
further to/following,después de
future plans,planes para el futuro
Galicia,Galicia
game,juego
games console,consola de juegos
games room,sala de juegos
gap year,año de descanso
garden,jardín
gardener,jardinero/jardinera
garlic,ajo
gateau/tart/flan,torta
GCSE equivalent,Educación Secundaria Obligatoria
gender/sex,sexo
generous,generoso/generosa
Geneva,Ginebra
geography,geografía
German,alemán/alemáa
Germany,Alemania
gifted,dotado/dotada
girl,niña/chica/muchacha
glass,vaso/copa
glasses,gafas
glove,guante
glue,pegamento
goal,gol/meta
God,Dios
good evening,buenas tardes
good luck,buena suerte
goodbye,adiós
goodnight,buenas noches
goose,ganso
grandad,abuelito
grandchild,nieto/nieta
granddaughter,nieta
grandfather,abuelo
grandma/granny/grandmother,abuela
grandparents,abuelos
grandson,nieto
grape,uva
grapes,uvas
grateful,agradecido/agradecida
gravy/sauce,salsa
great,estupendo/estupenda
Great Britain,Gran Bretaña
great/marvellous,formidable
Greece,Grecia
Greek,griego/griega
green,verde
green beans,judías verdes
grey,gris
grocer’s/food shop,tienda de comestibles
grocers,tienda de comestibles
ground floor,planta baja
guarantee,garantía
guest,Invitado/Invitadahuésped
guest room/bed-and-breakfast place,cuarto de huéspedes/pensión
guided tour,recorrido con guía
guitar,guitarra
guy/dude/bloke,tipo/tío
gym,gimnasio
gymnastics,gimnasia
habit,costumbre/hábito
habit/bad habit,costumbre/vicio
hail,granizopedrisco
hair,pelo
hairdresser,peluquería
hake,merluza
half,medio
half board,media pensión
half of,mitad/la
half past,y media
half-,medio/media
hall,eligion
ham,jamón
hamburger,hamburguesa
hand,mano
handbag,bolso de mano/bolsa de mano
handsome/pretty/charming,guapo/guapa
happy,contento/contenta/feliz
happy/cheerful,alegre
hard,duro/dura
hard/difficult/heavy,duro/dura/difícil/pesado/pesada
hard/harsh,duro/dura/severo/severa
hardware shop,ferretería
hardworking,trabajador/trabajadoa
harmful,dañoso/dañosa
hat,sombrero
have a good journey,buen viaje
hay fever,fiebre del heno
head,cabeza
headphones,auriculares
headteacher/director,director/directoa
health,salud
health/fitness centre,centro de saludcentro de entrenamiento
healthy,sano/sanoa
heart,corazón
heat,calor
heat/hot weather,calor/hace calor
heating,calefacción
heavy,pesado/pesada
helicopter,helicóptero
hello,hola
hello/good day,hola/buenos días
help,socorro
helpful,atento/atenta
herbal tea,té de hierbas
here,aquí
here you are,aquí lo tienes
hero/heroine,protagonista/
hi,hola
high speed train,AVE
high/tall,alto/alta
hill,colina
hired car,coche alquilado
historic,histórico
history,historia
HIV positive,VIH positivo/VIH positiva
hobby,pasatiempo/
hockey,jockey
holdall,bolsa de viaje
holiday,día de fiesta
holiday job,trabajo/
holidays,vacaciones
Holland,Holanda
Holy Week,Semana Santa
home,hogar/casa/domicilio
home economics/domestic science,ciencia del hogar/
homeless,sin hogar
homemade,casero/casera
homepage,página digital
homework,deberes
honest,honesto/honesta
honey,miel
hooligan/lout,gamberro/gamberra
horror film,película de terror/de miedo
horror story,cuento de terror . de miedo
horse,caballo
horse riding,equitación
hospital,hospital
hospitality,hospitalidad
hot,caliente
hot,picante
hot dog,perrito caliente
hotel,hotel
hotel list,lista de hoteles
hotel/town hall,ayuntamiento
hour,la hora
hours of work,horas de trabajo
house,casa
household,casa/familia
househusband,amo de casa
housewife,ama de casa
How do you spell that?,¿Cómo se escribe?
How much?/How many?,¿Cuánto?/¿Cuantos?/¿Cuánto?/¿Cuantoas?
How?,¿Cómo?
humorous,gracioso/graciosa/divertido
humour,humor/gracia
hunger,hambre
hungry/to be hungry,hambriento/hambrienta/tener hambre
husband,marido
hypermarket,hipermercado
I am fine/I feel sick/unwell,estoy bien/tengo ganas de vomitar/me siento enfermo/estoy bien/tengo ganas de vomitar/me siento enferma
I don’t mind,me da igual
I will put you through,le paso
I’ll be right back,vuelvo enseguida
I’m fine,estoy bien
I’m listening,escucho
I’m sorry/excuse me,lo siento/perdóneme
I’m sorry/excuse me,lo siento/perdone me
I’ve had enough,he tenido bastante
ice cream,helado
ice cream parlour,heladería
ice rink,pista de patinaje
ice skating,patinaje sobre hielo
ID card,DNI
ideal,ideal
identical twins,gemelos idénticos
identity card,carné de identidad
if,si
ill,enfermo/enferma
illness,enfermedad
image,imagen
immediately,inmediatamente
impatient,impaciente
impolite,mal educado/mal educada/descortés
impression,impresión
in,en/dentro de
in a good/bad mood,de buen/mal humor
in a good mood,de buen humor
in advance,por adelantado
in autumn,en otoño
in communication with,en contacto con
in fact,de hecho
in front of,delante de
in love,enamorado/enamorada
in my opinion,en mi opinión
in spring,en primavera
in summer,en verano
in the country,en el campo
in the evening,de la tarde
in the morning,de la mañana
in the open air,al aire libre
in winter,en invierno
in work/working,tener un empleo/trabajando
in/by,en
included,incluido
independent,independiente
indigestion,indigestión
indoor swimming pool,piscina cubierta
industrial,industrial
industry,industria
information,información
information office,oficina de información
informative,infomativo/infomativa
inhabitant,habitante
injection/syringe,inyección/jeringa/jeringuilla
injury,herida
ink cartridge,recambio
ink eraser,goma de borrar para tinta
inn,taberna
inside,dentro
instructions for use,instrucciones de uso
instructor,monitor/monitoa
instrument,instrumento
insurance,seguro
intelligent,inteligente
interest,Interés
internet,internet
internet page,página de internet
interpreter,Intérprete
interview,entrevista
invitation,invitación
iPod,iPod
Ireland,Irlanda
Irish,irlandés/irlandéa
island,isla
it depends,depende
it doesn’t matter,no importa nada
it fits/suits you,te/le va bien/te/le queda bien
it is raining,llueve/esta lloviendo
it’s one o’clock,es la una
it’s two o’clock/etc,son las dos/etc
Italian,italiano/italiana
Italy,Italia
jam,mermelada
January,enero
jealous,celoso/celosa
jewellers,joyería
jewellery,joyas
job,trabajo/oficio
job advert,anuncio de trabajo
job centre,grupo de asesoramiento para desempleados
job interview,entrevista para un empleo
job/post/position,trabajo/empleo/puesto
joiner/carpenter,carpintero/carpintera
journalist,periodista
journey,viaje
Journey/trip,viaje/trayecto
juice,zumo
July,julio
June,junio
junk food,comida basura
just now/straight away,ahora mismo
kebab,kebab/pincho
key,llave
key,tecla
keyboard,teclado
kilogram,kilo/el
kilometre,kilómetro
kind,simpático/simpática
kindergarten/play school/nursery school,parvulario/escuela infantil
kiss,beso
knee,rodilla
knife,cuchillo
label,etiqueta
laboratory,laboratorio
lake,lago
lamb,carne de cordero
language,idiomalengua
language lab,laboratorio de lenguas
last,pasado/pasada
last year,año pasado
last/latest,último/última
later,más tarde
latin,latín
launderette,lavandería automática
laundry,lavandería
law,derecho/ley
lawyer,abogado/abogadabogada
lazy,perezoso/perezosa
league/division,liga
leather,cuero/piel
leaving certificate,certificado de despedida
left luggage,consigna
left-luggage locker,consigna automática
left-luggage room,cuarto para dejar el eqiuipaje
leg,pierna
leisure,ocio
leisure centre,centro de ocio
lemon,limón
lemonade,limonada
Lent,Cuaresma
lesson,clase
letter,carta
letter box,buzón
letter of application,carta de solicitud
lettuce,lechuga
lettuce/salad,lechuga/ensalada
level crossing,paso a nivel
library,biblioteca
life,vida
lift,ascensor
light,ligero/ligera
likeable,amable
line/route,línea
lipstick,lápiz de labios/barra de labios
liquid medicine/syrup,jarabe
list,lista
litre,el litro
lively,animado/animada
liver,hígado
local,local
local stopping train,tren correo/ómnibus
locked,cerrado/cerrada con llave
loin,lomo
lonely,solitario/solitaria
long,largo/larga
lorry,camión
lorry driver,camionero/camionera
lost,perdido/perdida
lost property office,oficina de objetos perdidos
low,baja
low fat,bajo/baja en grasas/desnatado/desnatada
low priced,barato/barata/económico/económica
low-fat,Bajo/Baja en grasas/desnatado/desnatada
loyal/faithful,leal/fiel
luggage,equipaje
lunch,almuerzo
lunch break,comida/parar a comer
lung,pulmón
mad/crazy,loco/loca
magazine,revista
magnificent,magnífico/magnífica
main course,plato principal
main railway station,estación de ferrocarril principal
make up,maquillaje
man/husband,hombre/marido
manager,gerente/director
map,mapa
map,plano
March,marzo
margarine,margarina
mark/grade,nota/clase/categoría
market,mercado
market square/marketplace,plaza del mercado
marketing,marketing
marriage,matrimonio
marriage ceremony/wedding,boda
married,casado
marvellous,maravilloso/maravillosa
match,partido
maths,matemáticas
mature,maduro/madura
maximum,máximo
May,mayo
meal,comida
mean/nasty,tacaño/tacaña/malo/mala
meat,carne
meatball,albóndiga
mechanic,mecánico/mecánica
media,medios de comunicación
media studies,ciencias de la información
medicine,medicina
Mediterranean,mediterráneo/mediterránea
Mediterranean Sea,Mar Mediterráneo
meeting,eligio
meeting/discussion,reunión/discusión
melody/tune,melodía
melon/water melon,melón/sandía
member,miembro/socio/ socia
member of the family,miembro de la familia
memorial/monument,monumento
memory,memoria
menu,menú
message,mensaje
metro/underground railway,metro
midnight,medianoche
milk,leche
mine,mío/mía
mineral water,agua mineral
minimum,mínimo
minute,minuto
Miss,Srta.
mistake,error
mixed,variado/variada/surtido/surtida/mezclado/mezclada
mobile,teléfono móvil
mobile phone,móvil
model,modelo
modern,moderno/moderna
moment,momento
Monday,lunes
money,dinero
mood,humor
moped,ciclomotor
more,más
morning/in the morning,mañana/por la mañana
mother,madre
motorway,autopista
motorway junction,cruce de autopista
motorway services,servicios en autopista
mountain,montaña
mountaineering/climbing,alpinismo
mountains,montañas
mouse,ratón
moustache,bigote
mouth,boca
movement/exercise,movimiento/ejercicio
mp3,mp3
mp3,mp3
mp3 player,tocador de mp3
Mr,Sr.
Mrs,Sra.
much/many,mucho/mucha/muchos/muchas
muesli,muesli
mug,tazón
multicultural,multicultural
mum,edi
murder mystery/detective story,novela de misterio/novela policíaca
museum,museo
mushroom,champiñón
mushroom,seta
music,música
music shop,tienda de música
musician,músico/música
mussels,mejillones
mustard,mostaza
napkin,servilleta
nationality,nacionalidad
nature/countryside,naturalezacampo
naughty,travieso/traviesa
near,cerca de
necessary,necesario/necesaria
neck/throat,cuello/garganta
necklace,collar
needy/in need,necesitado/necesitada
neighbour,vecino/vecina
nephew,sobrino
nervous,nervioso/nerviosa
Netherlands,Paises bajos
nevertheless,no obstante
nevertheless/however,sin embargo
new,iejo/ieja
New Year’s Eve,Nochevieja
news,noticias
newspaper,periódico/diario
newspaper stall,quiosco de periódicos
next,próximo/próxima
next to,al lado de
next year,próximo año
nice/kind,edico/edica/amable
nice/likeable,agradable
nickname,apodo
niece,sobrina
night/at night,noche/por la noche
nightclub,club nocturno
nightdress,camisón de noche
nightlife,vida nocturna
no,no
no school,no hay clase
no sense of humour,sin sentido de humor
noise,ruido
noisy,ruidoso/ruidosa
non – alcoholic,no alcohólico/no alcohólica
non-dispensing chemist,droguería
non-smoker,no fumador/no fumadora
nonsense,tonterías
normal,normal
north,norte
North America,América del Norte
nose,nariz
note/slip of paper,nota/hoja de papel
nothing,nada
notice of termination of work contract,aviso de desalojo/notificación de desalojo
November,noviembre
now,ahora
number,número
numerous,numeroso/numerosa
nurse,enfermero/enfermera
nut,nuez
obesity,obesidad
occupied,ocupado
October,octubre
of age,adulto/adulta/mayor
of course,supuesto
offer,oferta
office,oficina
often,a menudo
oil,aceite
OK,bien
old,viejo/vieja
old fashioned,anticuado/anticuada/pasado de moda/pasada de moda
old people’s home,residencia de ancianos
older,mayor
older/first born,mayor
olive,aceituna
olive oil,aceite de oliva
omelette,tortilla
on,en/sobre
on foot,a pie
on the 1st floor,en el primer piso
on the corner of,en la esquina de
on the left,a la izquierda
on the left/right,a la izquierda/derecha
on the line,en línea
on the line/speaking,hablando/hablandal aparato/en la línea
on the right,a la derecha
on time,puntual/puntuaa tiempo
one way street,de dirección única
one way system,dirección única/sentido único
onion,cebolla
online,on-line/en línea/conectado/on-line/en línea/conectada
only,solamente
only,único/única
only child,hijo único/hija única
open,abierto/abierta
open air swimming pool,piscina al aire libre/piscina descubierta
opening hours/times,horas de apertura
opinion poll/survey,sondeo
opportunity,oportunidad
opposite,enfrente de
optimistic,optimista
optional subject,asignatura optativa/facultativa
or,o/u
oral,examen oral
orange,naranja
orangeade,naranjada
orchestra,orquesta
organic,orgánico/orgánica
organic food,alimentos orgánicos
other,otro/otra
outing,excursión
outside,afuera/en el exterior
outside/out of,fuera de
outskirts,afueras
over there,ahí
overcast,cubierto
overdose,sobredosis
overnight stay,estancia por la noche
own,propio/propia
owner,dueño/dueña
package holiday,vacaciones organizadas
packaging,envase
pad of paper,bloc
page,página
paging,radiomensajería
pain,dolor
painter,pintor/pintora
palace,palacio
pancake,crêpe
pants/briefs,calzoncillos/bragas
paper,papel
parachuting,lanzar en paracaídas
parasol,parasol
parents,padres
parents’ evening,reunión nocturna para los padres
park,parque
park/green space,parquezona verde
part of town,parte/zona
part time,a tiempo parcial
part time job,empleo/trabajo a tiempo parcial
part time work,trabajo a tiempo parcial
participant,participante
passenger,pasajero/pasajera
passport,pasaporte
passport control,control de pasaportes
password,contraseña
pasta,pastas
pasta/noodles,pastas/fideos
pâté,paté
patient,paciente
pavement,acera
pay,sueldo/paga
PE,educación física
pea,guisante
peach,pesca
pear,pera
peas,guisantes
pedestrian,peatón
pedestrian area,zona peatonal
pedestrian crossing,paso de peatones
pen/ballpoint pen,pluma/bolígrafo/boli
pencil,lápiz
pencil case,estuche
penfriend,corresponsal
pensioner/senior citizen,jubilado/jubilada
people,gente
pepper,pimiento
per hour,por hora
perfect,perfecto/perfecta
performance,función
perfume,perfume
perfumery,perfumería
perhaps,quizás/quizá
person,persona
pessimistic,pesimista
pet,mascota/mascotanimal doméstico
petrol,gasolina
petrol station,gasolinera/estación de servicio
photo,foto/fotografía
physical and sports education,ecuación física y deporte
physics,física
piano,piano
picnic,merienda/picnic
picnic area,área de servicios
picture,cuadro
picturesque,pintoresco/pintoresca
pillow,almohada
pills/tablets,comprimidos/pastillas
pineapple,piña
pink,rosa
pizzeria/pizza restaurant,pizzeria
place,lugar
place of residence,domicilio
plan/project,proyecto
plane,avión
planned,previsto/planeado
plasters,tiritas
plastic,plástico
plate,plato
platform,andén
platform/track,vía
play,obra de teatro
player,jugador
playground,patio de recreo
please/please,por favor
pleased/satisfied,estar contento/estar contenta/estar satisfecho/estar satisfecha
plum,ciruela
plumber,fontanero/fontanera
pocket money,dinero para gastos personales/dinero de bolsillo
police,policía
police officer,agente de policía
police station,comisaría de policía
polite,educado/educada/cortés
pollution,contaminaciónpolución
poor,pobre
pop,pop
pop music,música pop
pop star,estrella de música pop
popular,popular
pork,cerdo
porridge,avena cocida
port,puerto
portion,porción/ración
post card,postal
post code,código postal
post office,oficina de correos/Correos
post/post office,correos/oficina de
postcard,postal
poster,ommer
poster/notice,póster
postman,cartero/cartera
pot,cafeteratetera
potato,patata
pound sterling,libra esterlina
poverty,pobreza
prawns,gambas
present,regalo
press,prensa
pressure to achieve good marks/grades,presión para sacar buenas notas
pressure to perform,presión para obtener buenos resultados
pretentious,pretencioso/pretenciosa
pretty,bonito/bonita/mono/mona/lindo/linda
price,precio
price list,lista de precios
priest,sacerdote/cura
primary school,escuela primaria
printer,impresora
priority,prioridad
priority to the right,prioridad a la derecha
prison,cárcel
private school,escuela privada/particular
problem,problema
procession,desfile
profession/job/occupation,profesión/trabajo/empleo
professional training,formación profesional
programmer,Programador/Programadoa
progress,progreso
progress/improvement,progreso/mejoramiento
projector,proyector
promotion prospects,posibilidades de ascenso
pronunciation,pronunciación
province,provincia
pub,pub/bar
public,público/pública
public holiday,fiesta nacional
public transport,transporte público
public/municipal,municipal/publico
pupil,alumno/alumnalumna
purse,monedero
qualification,diploma
qualified,titulado/titulada
quality,calidad
quantity,cantidad
quarter past,y cuarto
quarter to,menos cuarto
question,pregunta
quickly,deprisa
quiet,tranquilo/tranquila
quiz show,programa concurso
race/racing,carrera/carreras
racist,racista
radio,radio
railway,ferrocarril
railway station,estación de ferrocarril
rain,lluvia
raincoat,ommercia/impermeable
rainfall,precipitación
rainy,lluvioso
rap,rap
raspberry,frambuesa
raw,crudo/cruda
reading,lectura
ready,listo/lista
real/royal,real
really,realmente
receipt,recibo
receiver,receptor
recently,recientemente
reception,recepción
receptionist,recepcionista
recipe,receta
recorder,flauta dulce
recycling,reciclaje
red,rojo/roja
red,pelirrojo
reduced,reducido/reducida
reduction,reducciónrebaja
referee,árbitro/árbitra
refreshments,refrescos
refund,reembolso
region/area,regiónzona
registration,inscripción
rehab,rehabilitación
relationship,relación
relative/relation,pariente
relaxing,relajante
reliable,digno/digna de confianza
religion,religión
religion/Religious Studies,enseñanza religiosa
remedy/medicine,remedio
remote control,mando a distancia/telemando
rent,alquiler
rent/hire,alquiler
rented flat,piso alquilado
repair,reparación
replacement,sustitución
reply/answer,respuesta/contestación
representative,representante
reservation,reserva
responsible,responsible
restaurant,restaurante
result,resultado
retailer,comerciante
return,de ida y vuelta
return ticket,billete de ida y vuelta
rice,arroz
rich,rico/rica
ring,anillo
Rioja,Rioja/La
river,río
road,carretera/camino
road map,mapa de carreteras
road/street,calle
roast,asado
robbery/theft,robo
rock,rock
rock music,música rock
role model,modelo/modela a imitar
roll,panecillo
romantic,romántico/romántica
romantic film,película romántica
romantic novel,novela romántica
room,habitación/cuarto
rotten,podrido/podrida
round trip/excursion,viaje de ida y vuelta/excursión
rubber,goma
rubbish,basura
rubbish bin,cubo de basura
rugby,rugby
rule,regla/norma
ruler,regla
rules of the house,reglas de la casa/normas de la casa
rush hour,hora punta
Russia,Rusia
Russian,ruso/rusa
sad,triste
sailing boat,velero/barco de vela
salami type sausage,chorizo
salary,salario/sueldo
sale/sales,venta/rebajas
sales assistant,dependiente/dependienta
salesman/woman,vendedor/vendedoa
salmon,salmón
salt,sal
same,igual
sand,arena
sandal,sandalia
sandwich,bocadillo/sándwich
sandwich/toasted sandwich,bocadillo/sandwich
sandwich,bocadillo)
satellite TV,television via eligion
satisfied,satisfecho/a
Saturday,sábado
saucer,platillo
sausage,salchicha
savings bank,caja de ahorros
scarf,bufanda
school,instituto
school book,libro escolar
school bus,autobús escolar
school day,día del colegio
school education,educación escolar
school hall,elga de actos
school leaving certificate,certificado escolar de despedida
school newspaper,periódico del instituto
school office,oficina del colegio
school report,boletín escolar/evaluación
school report/certificate,boletín escolarevaluación
school trip,excursión organizada por el colegio
science,ciencias
sciences,ciencias
scissors,tijeras
Scotland,Escocia
Scottish,escocés/escocéa
scrambled egg,huevos revueltos
screen,pantalla
sea,mar
sea food,mariscos
seaside resort,lugar turístico a orillas del mar
season,estación
seat,asiento
seat belt,cinturón de seguridad
second job/side job,segundo trabajo
secondary education,ESO
secondary modern school,instituto de enseñanza secundaria
secondary school,CES
secretary,secretario/secretaria
see you later,hasta luego/pronto
see you soon,hasta pronto
see you tomorrow,hasta mañana
self,uno mismo/una misma
self-confident,segurode sí mismo/segura de sí misma
self-service,de autoservicio
selfish,egoísta
semester,semestre
semi-detached house,casa adosada/chalet adosado
sensational,sensacional
sent by,enviado por
separated,separado/separada
September,septiembre/setiembre
series,serie/ciclo
serious,serio/seria
service,servicio
serviceincluded,servicioincluido
service station,estación de servicio
set meal,menú del día
several,varios/varioas
sewing/tailoring,costura
shape,forma
shared room,Habitación compartida
sharpener,sacapuntas
sheet,sábana
shift work,trabajo por turnos
shirt,camisa
shoe,zapato
shoe shop,zapatería
shop keeper,tendero/tendera
shop window,escaparate/vitrina
shop/business,negocio/comercio
shopping,compras
shopping bag,bolsa de compras
shopping basket,cesta/canasta
shopping centre,centro comercial
shopping list,lista de compras
shopping trolley,carrito de la compra
short,corto/corta
should/ought to,debería
shoulder,hombro
shower,ducha
shy,tímido/tímida
sight/place of interest,lugar de interés
sign,señalletrero
signature,firma
silent,silencioso/silenciosa
silk,seda
silly,estupido/estupida/tonto/tonta
similar,parecido/parecida
since/from,desde
singer,cantante
single,soltero/soltera
single,de ida
single parent,padre sin parejamadre sin pareja
single person,solterosoltera
single room,habitación individual
single ticket,billete de ida
sister,hermana
sitting room,cuarto de estar/sala de estar/salón
situation wanted,demanda de empleo
situations vacant,ofertas de empleo
sixth form college,instituto para alumnos de 16 a 18 años
size,talla
size,tamaño
skating,patinaje
skiing,esquí
skin colour,color de la piel
skirt,falda
sky,cielo
sleeping bag,saco de dormir
sleeping car,coche-cama
slim,delgado/delgada
slipper,zapatilla
small,pequeño/pequeña
smell,olor
smoked,ahumado/ahumada
smoker,fumador/fumadora
smoker’s cough,tos de fumador/tos de fumadoa
snack,tapa
snack bar,cafeteria
snack bar/buffet,bar de tapas/buffet
snacks taken at the bar,tapas
snow,nieve
so,pues
soap,jabón
soap,jabón
soap opera,telenovela/culebrón
society/company,sociedad
sock,calcetín
soft,blando/blanda
software,software
sold out,agotado/agotada
soldier,soldado
someone,alguien
something,algo
sometimes,a veces
son,hijo
son-in-law/daughter-in-law,yerno/yerna
song,canción
soon,pronto/luego
sought after,buscado/buscada
soup,sopa
sour/cross,agrio/agria/enfadado/enfadada/enojado/enojada
south,sur
South America,América del Sur
souvenir,recuerdo
Spain,España
Spanish national railway company,RENFE
Spanish oil monopoly,CAMPSA
Spanish public radio channel,RNE
Spanish public TV and radio channel,RTVE
Spanish stick,barra de pan
Spanish TV channel,A3
sparkling mineral water,agua mineral con gas
special offer,oferta especial/oferta de ocasión
speciality,especialidad
spectator,espectador/espectadora
speed,velocidad
speed limit,velocidad maxima
spinach,espinacas
spoon,cuchara
sport,deporte
sports equipment,artículos de deporte
sports field,campo deportivo
sports ground,campo de deporte
sports hall/gym,polideportivo/gimnasio
sportsman/sportswoman,deportista
sporty,deportista
spot/pimple,grano/espinilla
Spring,primavera
square,plaza
squid,calamares
stadium,estadio
staff room,sala de profesores
stage,escenario/tablado
staircase,escalera
stamp,sello
standing,de pie
star/celebrity,estrella
starter,entrante
state,estado
stationer’s,papelería
stay,estancia
stay on the line,no cuelgue
steamer,buque de vapor
step,paso
stepfather,padrastro
stepmother,madrastra
stereo system,equipo estereofónico/estéreo
still,todavía
sting,picadura
stomach,estómago
storm,tormenta
stormy,tormentoso
straight,liso
straight away,enseguida
straight on,todo recto/todo derecho
strawberry,fresa
stressed,estresado/estresada
stressful,estresante
strict,severo/severa/estricto/estricta
strike,huelga
striped,de rayas
strong,fuerte
student,estudiante
student council,consejo de estudiantes
student who has passed the equivalent of A levels,estudiante que tiene el
studies,estudios
study,despacho
stupid,estúpido/estúpida/tonto/tonta
subject,sujeto
subscription,suscripción/tarifa
subtitles,subtítulos
suburb,suburbio/zona residencial
suburban train,tren de cercanías
success,éxito
sugar,azúcar
suit,traje
suitcase,maleta
Summer,verano
summersale,liquidaciónde verano
summer camp,colonia de vacaciones
summer holidays,vacaciones de verano
sun,sol
sun cream,bronceador
sunburn,insolación
sunburn,insolación
Sunday,domingo
sunglasses,gafas de sol
sunny,soleado
sunny interval,claro
superior/higher,superior
supermarket,supermercado
supplement,suplemento
surname,apellido
surprise,sorpresa
surrounding area/vicinity,alrededores
survey,encuesta/sondeo
sweater/jumper,suéter/jersey
sweatshirt,sudadera
Sweden,Suecia
Swedish,sueco/sueca
sweet,dulce
sweets,caramelos/golosinas
swimming,natación
swimming costume,traje de baño
swimming pool,piscina
swimming trunks,bañador
Swiss,suizo/suiza
Switzerland,Suiza
swollen,hinchado/hinchada
T-shirt,camiseta
table,mesa
table cloth,mantel
table tennis,tenis de mesa/ping pong
tablet,pastilla/comprimido
talkative,charlatán/charlatana/hablador/habladoa
task,tarea
task/exercise,tarea/ejercicio
taste,sabor
tasty,sabroso/sabrosa
tattoo,tatuaje
taxi,taxi
taxi driver,taxista
tea,té
tea spoon,cucharilla
teacher,edico/edica
teacher,maestro/maestra
technician,técnico/técnica
technology,tecnología
teeth,muelas
telephone,teléfono
telephone book,agenda de teléfonos
telephone call,llamada de teléfono
telephone card,tarjeta telefónica
telephone directory/telephone book,guía telefónica
television,elgado/televisor/televisión
temperature,fiebre
ten to (time),menos diez
tennis,eligi
tennis court,cancha de tenis
term,trimestre
terms of employment,condiciones de trabajo
terrace,terraza
terraced house,casa adosada
text,texto
text message,mensaje de texto
thank you,gracias
thank you very much,muchas gracias
the English Channel,el Canal de la Mancha/el canal Inglés
the next day,al día siguiente
the Pyrenees,Pirineos/Los
the web,web
theme park/amusement park,parque de atracciones
then,entonces
therapy,terapía
there,allí
there you are,ahí lo tienes
thief,ladrón
thin,eligio/eligia
thing,cosa
thirst,sed
this/that,esto/esta
though,aunque
thrifty,económico/económica/ahorrativo/ahorrativa
through,por/poa través de
Thursday,jueves
ticket,billete
ticket inspector,revisorrevisora
ticket machine,máquina de billetes
ticket office,oficina/ventanilla de billetes
tidy,ordenado/ordenada
tie,corbata
tights,medias
till,caja
time,vez
time off from school/work due to excessive heat,descanso por el calor
timetable,horario
tip,propina
tired,fatigado/fatigada/cansado/cansada
toast,tostado
toasted cheese and ham sandwich,tostada de queso y bocadillo de jamón
tobacco,tabaco
today,hoy
together,junto/junta
toilet,aseo/baño/servicio
toilet paper,papel higiénico
toilets,servicios/servicioaseos/baño
tomato,tomate
tomorrow,mañana
tone,timbre
too,demasiado
too bad,demasiado mal
tooth,diente/muela
toothbrush,cepillo de dientes
toothpaste,pasta de dientes
tour,girarecorrido
tour,excursiónrecorrido
tourism,turismo
tourist,turista
tourist information,información turística
tourist information office,oficina de información y turismo
tournament,torneo
towards,hacia
towel,toalla
tower,torre
tower block,bloque de pisos/torre de pisos
town,ciudadpueblo
town centre,centro ciudad
town map,plano de la ciudad
town/city guide,guía del pueblo/de la ciudad
toy,juguete
track/platform,via
tracksuit,chándal
trade fair,feria de muestras/feria comercial
traditional,tradicional
traffic,circulación
traffic accident,accidente de tráfico/accidente de tráficaccidente de circulación
traffic jam,embotellamiento/embotellamientatasco
traffic lights,semáforos
train,tren
trainee,aprendizaprendiza
trainers,zapatillas de deporte
training,formación
training pace,ritmo de formación
training/education,formación/educacitón
tram,tranvía
translation,traducción
travel agency,agencia de viajes
traveller/passenger,viajero/viajerapasajero/pasajera
tray,bandeja
treatment,tratamiento
trousers,pantalones
trout,trucha
trumpet,trompeta
truth,verdad
Tuesday,martes
tuna,atún/bonito
turkey,pavo
twin,gemelo/gemela
twin room,habitación de dos camas/habitación con camas gemelas
twins,gemelos
type,género/tipo
ugly,feo/fea
umbrella,paraguas
unbelievable,increíble
uncle,tío
unconscious,inconsciente/sin sentido
under,bajo/debajo de
underage,menor de edad
underground station,estación de metro
underpants,calzoncillos
underscore,subrayar
unemployed,en paro
unemployment,paro/desempleo
unfair,injusto/injusta
unfit,en mala forma física
unfortunately,desgraciadamente/desafortunadamente
unfriendly,antipático/antipática
unhealthy,poco/poca/sano/sana
uniform,uniforme
United Kingdom,Reino Unido
United States,Estados Unidos
university,universidad
university/college place,plaza universitaria
unleaded,sin plomo
unpleasant/disagreable,desagradable
untidy,desordenado/desordenada
until,hasta
up there,arriba
USA,EEUU
useful,útil
usually,normalmente/usualmente
valid,válido/válida
valuable,valioso/valiosa/devalor
value added tax,IVA
vanilla,vainilla
veal,ternera
vegetable,verdura
vegetables,verduras/hortalizas
vegetarian,vegetariano/vegetariana
vehicle,vehículo
very,muy
vet,veterinario/veterinaria
view,vista
viewer,espectador
village,pueblo
vinegar,vinagre
violent,violento/violenta
violet,violeta
violin,violín
virus,virus
visit,visita
vitamins,vitaminas
vocational school,escuela de formación professional
voice mail,mensaje en el contestador
voluntary/voluntarily,voluntario/voluntaria/voluntariamente
volunteer,voluntario/voluntaria
wait,espere
waiter/waitress,camarero/camarera
waiting room,sala de espera
waiting time,tiempo de espera
Wales,País de Gales
wall,pared
wallet,cartera
wardrobe,armario
wash basin,lavabo
water,agua
water melon,sandía
water skiing,esquí náutico
way,forma/manera
WC,wáter/WC
weak/bad at,débil
weather,tiempo
weather report,pronóstico meteorológico/boletín del tiempo
webmail,web-mail
webpage,página web
website,site
wedding ring,anillo de boda
Wednesday,miércoles
week,semana
weekend,fin de semana
welcome,bienvenida
well paid,Bien pagado
well worth seeing,vale/merece la pena ver
well-balanced,bien equilibrado/bien equilibrada
well-cooked,muy hecho
Welsh,galés/galéa
west,oeste
what a shame,qué pena
What for?,¿Para qué?
What?,¿Qué?
When?,¿Cuándo?
Where to?,¿Adónde?
Where?,¿Dónde?
Which?,¿Cuál?
white,blanco/blanca
Who?,¿Quien?
Why?,¿Por qué?
wife/woman,esposa/mujer
wind,viento
window,ventana
windy,de mucho viento/ventoso
wine,vino
Winter,invierno
wintersale,liquidaciónde invierno
winter holidays,vacaciones de invierno
wise,sabio/sabia
with,con
with a view of/overlooking,tener vista a/dar a
with one another/together,juntos/juntas
with pleasure,congusto/placer
without,sin
witty,ingenioso/ingeniosa
wood/forest,bosqueselva
wool,lana
work,trabajo
work experience,experiencia de trabajo
worker/employee,obrero/obrera
workshop,taller
world famous,de fama mundial
worldwide,mundial
worry,preocupación
written,escrito/escrita
written punishment/lines,castigo escrito
wrong number,número equivocado
year,año
yellow,amarillo/amarilla
yes,sí
yesterday,ayer
yoghurt,yogurt
young,joven
young lady/Miss.,señorita
young person,joven
younger,menor
youth club,club juvenil
youth hostel,albergue juvenil
zoo,zoo/parque zoológico
FALSE,falso/falsa
TRUE,verdadero/verdadera
